{"cameraMode":{"drawMode":0,"name":"Shaded","section":"Shading Mode"},"sceneLighting":true,"audioPlay":false,"sceneViewState":{"m_AlwaysRefresh":false,"showFog":true,"showSkybox":true,"showFlares":true,"showImageEffects":true,"showParticleSystems":true,"showVisualEffectGraphs":true,"m_FxEnabled":true},"in2DMode":false,"pivot":{"x":62.63471984863281,"y":10.181451797485352,"z":-54.66130447387695},"rotation":{"x":-0.070691779255867,"y":0.04098278656601906,"z":-0.0029069322627037765,"w":-0.9966568946838379},"size":1.1785410642623902,"orthographic":false}