{"cameraMode":{"drawMode":0,"name":"Shaded","section":"Shading Mode"},"sceneLighting":true,"audioPlay":false,"sceneViewState":{"m_AlwaysRefresh":false,"showFog":true,"showSkybox":true,"showFlares":true,"showImageEffects":true,"showParticleSystems":true,"showVisualEffectGraphs":true,"m_FxEnabled":true},"in2DMode":false,"pivot":{"x":-119.80862426757813,"y":-5.082945823669434,"z":20.684242248535158},"rotation":{"x":-0.17168131470680238,"y":0.055234503000974658,"z":-0.009640224277973175,"w":-0.9835670590400696},"size":18.598588943481447,"orthographic":false}